{"enemyRotation0":180.0,"enemySlope0":0.0,"enemyType0":0,"enemyx0":638.0,"enemyy0":176.0}{"enemyRotation1":180.0,"enemySlope1":0.0,"enemyType1":0,"enemyx1":60.0,"enemyy1":96.0}{"playerprojx1":771.0,"playerprojy1":174.0}{"additionalTime1":0.0,"powerupactive1":false,"powerupid1":2128.29999999917,"powerupx1":211.0,"powerupy1":2128.29999999917}{"additionalTime2":0.0,"powerupactive2":false,"powerupid2":3360.999999998,"powerupx2":340.98317307692,"powerupy2":3360.999999998}{"playerHp":2,"playerPoints":190,"playerx":771.0,"playery":640.0}